start_date,end_date,account_id
2025-08-05 12:12:08,2025-08-19 12:12:08,26
2025-10-18 23:41:08,2025-11-13 23:41:08,749
2025-12-02 23:20:08,2025-12-11 23:20:08,961
2025-10-03 06:58:08,2025-10-18 06:58:08,80
2025-11-23 13:37:08,2025-12-04 13:37:08,282
2025-07-30 13:35:08,2025-08-07 13:35:08,452
2025-09-06 17:43:08,2025-09-17 17:43:08,729
2025-11-08 09:12:08,2025-11-30 09:12:08,415
2025-08-20 21:28:08,2025-08-25 21:28:08,22
2025-07-04 11:05:08,2025-07-17 11:05:08,170
2025-10-24 02:31:08,2025-11-08 02:31:08,215
2025-11-27 10:25:08,2025-12-17 10:25:08,512
2025-07-10 01:08:08,2025-07-20 01:08:08,701
2025-12-04 08:18:08,2025-12-28 08:18:08,610
2025-08-03 08:01:08,2025-08-15 08:01:08,436
2025-07-30 02:45:08,2025-08-07 02:45:08,614
2025-11-23 12:30:08,2025-12-09 12:30:08,858
2025-09-03 22:43:08,2025-09-17 22:43:08,946
2025-08-16 09:15:08,2025-08-29 09:15:08,640
2025-12-28 11:42:08,2026-01-04 11:42:08,353
2025-10-24 19:12:08,2025-10-25 19:12:08,460
2025-11-08 10:31:08,2025-11-29 10:31:08,993
2025-10-11 12:13:08,2025-10-18 12:13:08,389
2025-10-26 13:43:08,2025-11-08 13:43:08,378
2025-10-02 08:13:08,2025-10-13 08:13:08,599
2025-10-01 08:42:08,2025-10-21 08:42:08,289
2025-12-12 05:01:08,2025-12-13 05:01:08,331
2025-12-24 16:20:08,2025-12-30 16:20:08,843
2025-09-09 10:46:08,2025-10-08 10:46:08,510
2025-12-20 07:45:08,2026-01-02 07:45:08,908
2025-10-27 18:56:08,2025-11-17 18:56:08,210
2025-07-21 13:34:08,2025-07-22 13:34:08,340
2025-09-03 10:29:08,2025-09-30 10:29:08,511
2025-11-12 18:23:08,2025-12-08 18:23:08,649
2025-10-12 00:42:08,2025-11-10 00:42:08,280
2025-11-03 05:55:08,2025-11-07 05:55:08,217
2025-10-05 14:28:08,2025-10-23 14:28:08,45
2025-10-30 17:55:08,2025-11-23 17:55:08,338
2025-12-18 01:04:08,2025-12-19 01:04:08,366
2025-08-14 14:22:08,2025-09-09 14:22:08,95
2025-08-26 21:37:08,2025-09-22 21:37:08,119
2025-07-31 23:11:08,2025-08-20 23:11:08,67
2025-09-02 12:30:08,2025-09-03 12:30:08,893
2025-07-12 00:44:08,2025-08-07 00:44:08,567
2025-10-02 09:44:08,2025-10-17 09:44:08,71
2025-08-21 20:04:08,2025-08-30 20:04:08,695
2025-07-19 07:31:08,2025-08-16 07:31:08,182
2025-12-10 09:22:08,2025-12-23 09:22:08,97
2025-09-22 06:55:08,2025-10-14 06:55:08,611
2025-09-07 03:59:08,2025-09-10 03:59:08,126
2025-11-29 08:10:08,2025-12-17 08:10:08,403
2025-10-02 01:03:08,2025-10-22 01:03:08,312
2025-09-23 14:46:08,2025-10-09 14:46:08,243
2025-11-15 15:40:08,2025-11-30 15:40:08,765
2025-10-14 20:16:08,2025-10-22 20:16:08,771
2025-08-06 01:49:08,2025-08-29 01:49:08,120
2025-11-16 05:40:08,2025-12-11 05:40:08,114
2025-10-15 11:45:08,2025-11-03 11:45:08,579
2025-07-08 20:01:08,2025-07-24 20:01:08,881
2025-12-03 22:02:08,2025-12-12 22:02:08,435
2025-11-19 01:04:08,2025-12-06 01:04:08,334
2025-10-04 22:31:08,2025-10-27 22:31:08,557
2025-08-24 17:31:08,2025-09-02 17:31:08,276
2025-08-23 18:25:08,2025-09-15 18:25:08,801
2025-10-16 06:49:08,2025-10-17 06:49:08,470
2025-12-16 12:15:08,2025-12-17 12:15:08,208
2025-08-05 15:59:08,2025-08-13 15:59:08,4
2025-10-06 14:06:08,2025-10-15 14:06:08,541
2025-09-23 13:00:08,2025-10-09 13:00:08,88
2025-12-10 06:32:08,2026-01-03 06:32:08,128
2025-09-13 23:21:08,2025-10-04 23:21:08,810
2025-11-17 15:03:08,2025-11-18 15:03:08,936
2025-11-30 02:30:08,2025-12-26 02:30:08,258
2025-09-08 14:55:08,2025-09-21 14:55:08,658
2025-07-11 12:53:08,2025-08-07 12:53:08,572
2025-07-27 23:25:08,2025-07-28 23:25:08,45
2025-08-15 13:01:08,2025-08-24 13:01:08,484
2025-11-02 20:18:08,2025-11-20 20:18:08,514
2025-09-05 13:30:08,2025-10-05 13:30:08,914
2025-09-19 05:20:08,2025-10-19 05:20:08,616
2025-09-21 00:07:08,2025-09-29 00:07:08,255
2025-10-06 19:53:08,2025-10-27 19:53:08,698
2025-11-20 01:44:08,2025-12-18 01:44:08,171
2025-07-31 18:16:08,2025-08-14 18:16:08,591
2025-10-25 17:31:08,2025-11-20 17:31:08,587
2025-12-15 03:38:08,2025-12-17 03:38:08,415
2025-10-03 21:20:08,2025-10-30 21:20:08,509
2025-12-07 06:59:08,2025-12-21 06:59:08,195
2025-09-24 04:40:08,2025-10-04 04:40:08,400
2025-09-02 22:50:08,2025-09-18 22:50:08,697
2025-11-29 17:43:08,2025-12-02 17:43:08,268
2025-08-23 02:53:08,2025-09-13 02:53:08,217
2025-11-28 03:06:08,2025-12-25 03:06:08,605
2025-07-12 02:23:08,2025-08-09 02:23:08,804
2025-11-04 16:20:08,2025-11-08 16:20:08,565
2025-09-11 13:07:08,2025-09-30 13:07:08,677
2025-06-22 01:39:08,2025-07-14 01:39:08,251
2025-08-08 08:51:08,2025-09-04 08:51:08,634
2025-11-29 09:56:08,2025-12-03 09:56:08,326
2025-09-06 08:20:08,2025-09-09 08:20:08,286
2025-07-14 13:35:08,2025-07-22 13:35:08,222
2025-12-12 00:39:08,2026-01-04 00:39:08,332
2025-08-11 18:35:08,2025-08-24 18:35:08,267
2025-06-20 14:58:08,2025-07-18 14:58:08,555
2025-12-03 01:38:08,2025-12-23 01:38:08,274
2025-10-30 12:02:08,2025-11-21 12:02:08,41
2025-11-01 10:23:08,2025-11-26 10:23:08,778
2025-08-17 19:15:08,2025-09-07 19:15:08,821
2025-09-17 05:07:08,2025-10-12 05:07:08,912
2025-07-28 08:46:08,2025-08-13 08:46:08,50
2025-12-08 23:33:08,2025-12-26 23:33:08,434
2025-09-17 19:36:08,2025-09-21 19:36:08,190
2025-11-11 07:38:08,2025-12-09 07:38:08,139
2025-09-04 14:48:08,2025-09-29 14:48:08,321
2025-11-15 05:17:08,2025-11-20 05:17:08,717
2025-10-16 09:51:08,2025-11-09 09:51:08,1
2025-07-16 03:49:08,2025-08-02 03:49:08,927
2025-08-02 09:44:08,2025-08-26 09:44:08,605
2025-10-09 06:49:08,2025-10-15 06:49:08,788
2025-10-01 08:28:08,2025-10-29 08:28:08,455
2025-08-11 05:21:08,2025-08-14 05:21:08,284
2025-09-23 01:36:08,2025-10-03 01:36:08,724
2025-08-02 00:55:08,2025-08-03 00:55:08,65
2025-10-09 09:01:08,2025-11-05 09:01:08,428
2025-07-05 21:57:08,2025-07-11 21:57:08,374
2025-07-22 02:26:08,2025-08-13 02:26:08,347
2025-07-26 16:54:08,2025-08-21 16:54:08,743
2025-10-02 00:30:08,2025-10-06 00:30:08,10
2025-07-12 18:15:08,2025-07-30 18:15:08,788
2025-07-05 22:33:08,2025-07-23 22:33:08,863
2025-07-10 12:41:08,2025-07-31 12:41:08,292
2025-07-09 09:09:08,2025-07-23 09:09:08,201
2025-06-30 22:45:08,2025-07-15 22:45:08,986
2025-11-03 07:03:08,2025-11-14 07:03:08,38
2025-12-01 15:50:08,2025-12-25 15:50:08,203
2025-08-31 10:13:08,2025-09-20 10:13:08,403
2025-12-25 00:51:08,2025-12-30 00:51:08,81
2025-06-25 12:51:08,2025-07-09 12:51:08,190
2025-10-22 15:13:08,2025-10-23 15:13:08,738
2025-11-07 14:38:08,2025-11-29 14:38:08,802
2025-07-27 23:23:08,2025-08-23 23:23:08,317
2025-12-16 14:46:08,2026-01-05 14:46:08,603
2025-10-09 15:15:08,2025-11-08 15:15:08,605
2025-09-25 09:49:08,2025-10-15 09:49:08,976
2025-10-25 05:48:08,2025-11-22 05:48:08,899
2025-12-06 15:10:08,2025-12-21 15:10:08,198
2025-07-21 10:22:08,2025-07-27 10:22:08,178
2025-12-28 20:23:08,2026-01-02 20:23:08,206
2025-08-30 00:58:08,2025-09-10 00:58:08,637
2025-12-20 23:56:08,2025-12-25 23:56:08,685
2025-09-25 09:32:08,2025-10-13 09:32:08,740
2025-09-03 20:23:08,2025-09-19 20:23:08,376
2025-11-19 11:07:08,2025-11-28 11:07:08,591
2025-10-21 19:33:08,2025-11-05 19:33:08,480
2025-07-01 14:22:08,2025-07-09 14:22:08,142
2025-09-15 12:51:08,2025-09-16 12:51:08,26
2025-11-24 16:53:08,2025-11-28 16:53:08,560
2025-10-10 01:55:08,2025-10-18 01:55:08,776
2025-12-20 12:04:08,2025-12-31 12:04:08,193
2025-11-20 10:43:08,2025-12-19 10:43:08,720
2025-09-01 22:49:08,2025-09-16 22:49:08,317
2025-08-08 02:26:08,2025-08-11 02:26:08,314
2025-12-20 09:08:08,2026-01-01 09:08:08,30
2025-10-09 18:50:08,2025-10-19 18:50:08,545
2025-08-01 14:41:08,2025-08-06 14:41:08,958
2025-06-30 16:26:08,2025-07-22 16:26:08,349
2025-09-27 23:22:08,2025-10-27 23:22:08,520
2025-06-17 20:16:08,2025-07-15 20:16:08,697
2025-10-06 08:28:08,2025-10-31 08:28:08,698
2025-07-28 17:12:08,2025-08-26 17:12:08,423
2025-12-20 06:47:08,2025-12-25 06:47:08,892
2025-08-20 01:47:08,2025-09-19 01:47:08,289
2025-10-14 22:09:08,2025-11-05 22:09:08,89
2025-07-28 03:10:08,2025-08-25 03:10:08,888
2025-08-28 21:51:08,2025-09-07 21:51:08,324
2025-09-25 13:20:08,2025-10-03 13:20:08,105
2025-11-22 19:01:08,2025-12-21 19:01:08,460
2025-11-21 00:09:08,2025-11-29 00:09:08,233
2025-07-07 09:46:08,2025-07-17 09:46:08,359
2025-12-31 06:45:08,2026-01-01 06:45:08,550
2025-07-21 21:23:08,2025-07-22 21:23:08,57
2025-08-12 09:24:08,2025-08-21 09:24:08,355
2025-11-11 04:42:08,2025-11-28 04:42:08,382
2025-10-07 19:38:08,2025-10-31 19:38:08,538
2025-10-27 14:57:08,2025-11-01 14:57:08,919
2025-10-27 00:12:08,2025-11-10 00:12:08,619
2025-07-15 12:19:08,2025-07-19 12:19:08,744
2025-11-30 11:53:08,2025-12-13 11:53:08,44
2025-10-13 05:26:08,2025-10-30 05:26:08,473
2025-07-16 22:24:08,2025-07-19 22:24:08,284
2025-11-07 03:33:08,2025-11-16 03:33:08,400
2025-08-22 16:20:08,2025-08-28 16:20:08,362
2025-07-27 14:00:08,2025-08-03 14:00:08,455
2025-10-02 13:47:08,2025-10-04 13:47:08,851
2025-08-07 15:38:08,2025-08-12 15:38:08,717
2025-10-22 10:40:08,2025-11-01 10:40:08,953
2025-10-27 16:15:08,2025-11-15 16:15:08,911
2025-07-18 00:24:08,2025-08-15 00:24:08,629
2025-08-08 07:22:08,2025-08-23 07:22:08,740
2025-09-15 02:19:08,2025-09-24 02:19:08,225
2025-10-12 23:04:08,2025-11-04 23:04:08,49
2025-10-02 16:32:08,2025-10-17 16:32:08,42
2025-07-25 10:15:08,2025-08-21 10:15:08,569
2025-12-09 22:01:08,2025-12-11 22:01:08,801
2025-09-07 03:39:08,2025-09-30 03:39:08,585
2025-12-23 16:35:08,2026-01-02 16:35:08,780
2025-09-20 15:57:08,2025-09-25 15:57:08,463
2025-09-08 00:48:08,2025-09-13 00:48:08,80
2025-11-20 07:07:08,2025-12-06 07:07:08,735
2025-11-04 17:40:08,2025-12-02 17:40:08,291
2025-07-26 12:42:08,2025-08-02 12:42:08,465
2025-10-07 08:36:08,2025-10-17 08:36:08,529
2025-11-07 08:17:08,2025-12-03 08:17:08,750
2025-10-10 15:50:08,2025-10-26 15:50:08,816
2025-06-15 23:50:08,2025-07-13 23:50:08,822
2025-09-08 14:51:08,2025-10-01 14:51:08,509
2025-11-10 15:31:08,2025-12-07 15:31:08,510
2025-09-17 15:17:08,2025-09-30 15:17:08,366
2025-10-22 05:27:08,2025-11-03 05:27:08,185
2025-08-12 21:06:08,2025-08-19 21:06:08,609
2025-08-19 15:32:08,2025-09-17 15:32:08,762
2025-11-05 06:48:08,2025-11-24 06:48:08,751
2025-07-18 06:19:08,2025-08-10 06:19:08,149
2025-09-09 07:22:08,2025-09-22 07:22:08,348
2025-07-11 10:46:08,2025-07-27 10:46:08,434
2025-09-18 21:49:08,2025-09-24 21:49:08,342
2025-10-13 18:36:08,2025-11-06 18:36:08,820
2025-10-21 16:08:08,2025-10-22 16:08:08,662
2025-09-11 06:48:08,2025-10-08 06:48:08,116
2025-12-03 07:47:08,2025-12-22 07:47:08,399
2025-09-05 03:36:08,2025-09-18 03:36:08,764
2025-12-15 21:22:08,2026-01-02 21:22:08,63
2025-07-21 17:36:08,2025-07-24 17:36:08,721
2025-07-14 05:44:08,2025-07-31 05:44:08,724
2025-08-14 22:35:08,2025-08-28 22:35:08,378
2025-09-25 00:46:08,2025-10-24 00:46:08,189
2025-08-14 21:54:08,2025-09-06 21:54:08,407
2025-12-07 07:12:08,2025-12-21 07:12:08,784
2025-07-04 17:25:08,2025-07-10 17:25:08,176
2025-10-06 01:03:08,2025-10-29 01:03:08,362
2025-07-22 12:05:08,2025-07-26 12:05:08,136
2025-06-21 12:16:08,2025-07-12 12:16:08,447
2025-07-12 00:49:08,2025-08-07 00:49:08,214
2025-07-15 13:45:08,2025-07-23 13:45:08,144
2025-08-22 03:58:08,2025-09-09 03:58:08,787
2025-12-05 19:07:08,2025-12-26 19:07:08,821
2025-11-18 21:52:08,2025-12-07 21:52:08,481
2025-09-12 16:08:08,2025-09-28 16:08:08,969
2025-08-18 15:27:08,2025-09-10 15:27:08,201
2025-08-29 04:49:08,2025-09-15 04:49:08,193
2025-08-23 18:46:08,2025-09-18 18:46:08,145
2025-09-11 12:48:08,2025-10-07 12:48:08,351
2025-09-06 00:07:08,2025-09-10 00:07:08,279
2025-11-22 13:37:08,2025-12-14 13:37:08,383
2025-09-20 01:12:08,2025-10-18 01:12:08,909
2025-08-02 14:27:08,2025-09-01 14:27:08,934
2025-12-02 10:01:08,2025-12-31 10:01:08,401
2025-11-16 17:36:08,2025-11-18 17:36:08,945
2025-07-01 15:26:08,2025-07-29 15:26:08,785
2025-10-30 06:34:08,2025-11-07 06:34:08,634
2025-09-01 08:43:08,2025-09-27 08:43:08,259
2025-12-19 09:12:08,2025-12-21 09:12:08,720
2025-11-07 02:46:08,2025-11-28 02:46:08,971
2025-08-30 10:08:08,2025-09-25 10:08:08,847
2025-09-24 21:16:08,2025-09-28 21:16:08,849
2025-11-22 20:34:08,2025-12-07 20:34:08,66
2025-07-01 04:18:08,2025-07-10 04:18:08,736
2025-09-12 10:06:08,2025-09-19 10:06:08,225
2025-08-24 09:17:08,2025-09-19 09:17:08,937
2025-09-20 11:23:08,2025-10-13 11:23:08,716
2025-10-05 16:25:08,2025-10-12 16:25:08,175
2025-10-22 02:18:08,2025-11-16 02:18:08,729
2025-09-30 14:40:08,2025-10-01 14:40:08,183
2025-08-29 18:11:08,2025-09-05 18:11:08,758
2025-09-12 08:46:08,2025-09-29 08:46:08,943
2025-10-28 00:50:08,2025-11-04 00:50:08,51
2025-06-23 06:59:08,2025-07-20 06:59:08,213
2025-07-01 05:24:08,2025-07-14 05:24:08,311
2025-12-01 10:17:08,2025-12-27 10:17:08,168
2025-09-11 21:49:08,2025-10-07 21:49:08,489
2025-10-22 13:38:08,2025-10-27 13:38:08,268
2025-10-31 04:44:08,2025-11-17 04:44:08,134
2025-09-05 18:01:08,2025-09-24 18:01:08,114
2025-08-02 04:51:08,2025-08-07 04:51:08,330
2025-11-13 22:46:08,2025-11-20 22:46:08,792
2025-09-18 11:26:08,2025-10-18 11:26:08,972
2025-07-09 02:41:08,2025-08-05 02:41:08,268
2025-09-02 12:24:08,2025-09-22 12:24:08,665
2025-07-31 03:00:08,2025-08-01 03:00:08,132
2025-12-31 15:03:08,2026-01-05 15:03:08,666
2025-11-18 15:36:08,2025-12-02 15:36:08,538
2025-09-30 07:24:08,2025-10-14 07:24:08,657
2025-09-08 23:29:08,2025-09-25 23:29:08,358
2025-09-21 18:50:08,2025-10-19 18:50:08,147
2025-07-05 06:00:08,2025-07-17 06:00:08,585
2025-10-10 19:48:08,2025-10-21 19:48:08,448
2025-08-26 01:27:08,2025-09-09 01:27:08,565
2025-08-20 18:41:08,2025-08-23 18:41:08,17
2025-11-05 21:44:08,2025-11-10 21:44:08,811
2025-09-07 11:12:08,2025-09-13 11:12:08,877
2025-07-09 22:56:08,2025-07-25 22:56:08,869
2025-07-23 04:06:08,2025-08-14 04:06:08,759
2025-10-09 18:43:08,2025-10-12 18:43:08,191
2025-12-28 05:33:08,2026-01-04 05:33:08,872
2025-08-30 00:37:08,2025-09-21 00:37:08,58
2025-09-21 09:20:08,2025-10-16 09:20:08,525
2025-08-23 03:21:08,2025-09-14 03:21:08,205
2025-09-14 00:51:08,2025-09-19 00:51:08,289
2025-11-09 22:45:08,2025-12-05 22:45:08,841
2025-10-09 14:10:08,2025-10-15 14:10:08,952
2025-11-19 15:13:08,2025-12-13 15:13:08,864
2025-08-14 06:35:08,2025-08-19 06:35:08,516
2025-08-14 19:46:08,2025-08-15 19:46:08,965
2025-09-02 03:22:08,2025-09-17 03:22:08,776
2025-12-15 03:19:08,2025-12-31 03:19:08,439
2025-09-23 15:16:08,2025-09-27 15:16:08,84
2025-07-21 17:52:08,2025-08-15 17:52:08,130
2025-08-22 03:27:08,2025-09-06 03:27:08,338
2025-06-28 22:34:08,2025-07-25 22:34:08,965
2025-08-25 12:36:08,2025-09-14 12:36:08,178
2025-12-14 04:21:08,2026-01-04 04:21:08,311
2025-09-26 10:34:08,2025-09-27 10:34:08,379
2025-10-22 08:46:08,2025-11-12 08:46:08,417
2025-11-03 13:29:08,2025-11-28 13:29:08,732
2025-08-25 13:19:08,2025-08-28 13:19:08,768
2025-07-01 13:00:08,2025-07-22 13:00:08,556
2025-10-05 22:37:08,2025-10-13 22:37:08,786
2025-11-11 18:38:08,2025-12-09 18:38:08,196
2025-09-14 08:15:08,2025-10-12 08:15:08,23
2025-11-23 10:05:08,2025-12-14 10:05:08,379
2025-09-26 19:38:08,2025-10-03 19:38:08,737
2025-06-17 14:41:08,2025-07-12 14:41:08,782
2025-12-18 07:02:08,2025-12-26 07:02:08,682
2025-09-15 17:10:08,2025-10-08 17:10:08,610
2025-10-29 15:09:08,2025-11-05 15:09:08,272
2025-07-25 09:20:08,2025-08-15 09:20:08,941
2025-08-13 07:26:08,2025-09-07 07:26:08,198
2025-09-05 03:18:08,2025-09-28 03:18:08,610
2025-07-03 13:53:08,2025-07-16 13:53:08,453
2025-06-16 15:39:08,2025-07-13 15:39:08,363
2025-07-31 12:27:08,2025-08-28 12:27:08,335
2025-09-04 17:06:08,2025-09-18 17:06:08,880
2025-11-11 03:54:08,2025-12-06 03:54:08,655
2025-09-16 17:55:08,2025-09-25 17:55:08,24
2025-10-21 04:50:08,2025-11-13 04:50:08,229
2025-09-03 12:25:08,2025-09-20 12:25:08,111
2025-07-06 01:08:08,2025-07-30 01:08:08,90
2025-11-09 23:54:08,2025-11-29 23:54:08,548
2025-12-18 13:43:08,2025-12-23 13:43:08,539
2025-10-06 02:11:08,2025-11-02 02:11:08,600
2025-11-14 02:25:08,2025-11-29 02:25:08,127
2025-07-31 13:28:08,2025-08-04 13:28:08,284
2025-10-08 17:47:08,2025-11-01 17:47:08,82
2025-08-19 11:46:08,2025-09-15 11:46:08,643
2025-11-20 00:40:08,2025-12-06 00:40:08,394
2025-10-12 19:23:08,2025-11-02 19:23:08,827
2025-12-14 12:39:08,2026-01-05 12:39:08,867
2025-09-28 03:43:08,2025-10-23 03:43:08,805
2025-09-20 12:06:08,2025-10-10 12:06:08,48
2025-11-07 00:37:08,2025-12-07 00:37:08,55
2025-11-17 20:10:08,2025-11-25 20:10:08,14
2025-11-09 18:54:08,2025-12-08 18:54:08,336
2025-12-08 21:47:08,2025-12-28 21:47:08,936
2025-11-27 07:39:08,2025-12-24 07:39:08,962
2025-10-09 19:44:08,2025-10-31 19:44:08,833
2025-12-10 05:09:08,2025-12-21 05:09:08,732
2025-08-22 14:06:08,2025-09-10 14:06:08,280
2025-07-19 14:53:08,2025-07-25 14:53:08,626
2025-08-20 12:49:08,2025-08-21 12:49:08,131
2025-10-26 12:20:08,2025-11-15 12:20:08,823
2025-07-20 04:18:08,2025-08-10 04:18:08,949
2025-07-23 22:51:08,2025-07-27 22:51:08,999
2025-06-30 03:38:08,2025-07-14 03:38:08,907
2025-07-08 15:12:08,2025-08-02 15:12:08,826
2025-06-15 23:24:08,2025-07-10 23:24:08,653
2025-10-30 02:37:08,2025-11-18 02:37:08,830
2025-11-16 20:19:08,2025-11-23 20:19:08,755
2025-07-25 14:49:08,2025-08-04 14:49:08,397
2025-11-16 11:56:08,2025-11-20 11:56:08,841
2025-08-18 14:49:08,2025-08-27 14:49:08,255
2025-07-21 00:52:08,2025-08-20 00:52:08,343
2025-12-16 10:16:08,2025-12-30 10:16:08,593
2025-09-09 11:28:08,2025-10-04 11:28:08,380
2025-10-23 00:06:08,2025-11-19 00:06:08,880
2025-08-15 16:18:08,2025-09-10 16:18:08,160
2025-11-21 17:51:08,2025-11-29 17:51:08,126
2025-08-15 05:59:08,2025-08-18 05:59:08,349
2025-06-23 17:56:08,2025-07-17 17:56:08,964
2025-10-09 12:58:08,2025-10-29 12:58:08,151
2025-10-22 18:53:08,2025-10-23 18:53:08,773
2025-07-09 22:22:08,2025-07-18 22:22:08,430
2025-10-04 03:25:08,2025-10-15 03:25:08,1000
2025-11-13 17:31:08,2025-11-14 17:31:08,205
2025-10-10 03:37:08,2025-11-01 03:37:08,449
2025-11-17 19:07:08,2025-12-08 19:07:08,628
2025-07-27 08:08:08,2025-08-02 08:08:08,765
2025-10-05 15:24:08,2025-10-29 15:24:08,826
2025-09-20 23:37:08,2025-09-23 23:37:08,737
2025-12-05 03:24:08,2025-12-30 03:24:08,64
2025-07-17 10:11:08,2025-08-02 10:11:08,27
2025-10-05 11:18:08,2025-10-18 11:18:08,178
2025-11-29 12:23:08,2025-11-30 12:23:08,809
2025-12-13 18:10:08,2025-12-24 18:10:08,522
2025-08-31 14:29:08,2025-09-08 14:29:08,739
2025-07-29 18:21:08,2025-08-02 18:21:08,986
2025-07-28 22:16:08,2025-08-15 22:16:08,696
2025-12-02 05:35:08,2025-12-16 05:35:08,646
2025-07-31 23:30:08,2025-08-30 23:30:08,272
2025-09-21 15:53:08,2025-10-01 15:53:08,298
2025-07-11 05:01:08,2025-08-10 05:01:08,923
2025-10-05 19:47:08,2025-10-08 19:47:08,595
2025-10-14 09:29:08,2025-10-20 09:29:08,776
2025-11-03 19:55:08,2025-11-15 19:55:08,483
2025-07-25 18:54:08,2025-08-20 18:54:08,469
2025-09-17 07:43:08,2025-10-17 07:43:08,815
2025-07-04 04:48:08,2025-07-31 04:48:08,59
2025-09-26 00:52:08,2025-10-13 00:52:08,541
2025-09-20 16:28:08,2025-10-14 16:28:08,636
2025-09-12 22:43:08,2025-10-09 22:43:08,344
2025-11-30 03:46:08,2025-12-14 03:46:08,588
2025-09-04 06:32:08,2025-09-19 06:32:08,330
2025-07-10 16:16:08,2025-07-28 16:16:08,771
2025-09-02 20:35:08,2025-09-11 20:35:08,508
2025-11-10 10:39:08,2025-11-16 10:39:08,392
2025-07-23 23:04:08,2025-08-16 23:04:08,81
2025-08-22 16:52:08,2025-09-18 16:52:08,997
2025-08-20 05:20:08,2025-09-15 05:20:08,741
2025-10-06 11:06:08,2025-10-21 11:06:08,74
2025-11-21 17:14:08,2025-12-18 17:14:08,285
2025-12-17 22:34:08,2025-12-31 22:34:08,847
2025-11-03 11:33:08,2025-11-21 11:33:08,745
2025-10-21 12:04:08,2025-11-07 12:04:08,40
2025-10-27 01:27:08,2025-11-15 01:27:08,107
2025-11-06 14:20:08,2025-11-18 14:20:08,231
2025-10-05 03:17:08,2025-10-12 03:17:08,369
2025-09-03 07:31:08,2025-09-29 07:31:08,538
2025-10-02 21:30:08,2025-10-20 21:30:08,568
2025-07-12 21:06:08,2025-07-23 21:06:08,304
2025-08-15 14:48:08,2025-09-03 14:48:08,74
2025-07-11 23:31:08,2025-07-16 23:31:08,163
2025-09-02 13:34:08,2025-09-13 13:34:08,242
2025-11-06 03:49:08,2025-11-25 03:49:08,327
2025-11-15 01:26:08,2025-12-12 01:26:08,803
2025-11-16 23:06:08,2025-11-28 23:06:08,743
2025-10-11 22:46:08,2025-10-26 22:46:08,22
2025-09-27 03:19:08,2025-10-21 03:19:08,139
2025-09-07 00:25:08,2025-09-18 00:25:08,705
2025-12-20 18:17:08,2025-12-27 18:17:08,552
2025-09-22 05:07:08,2025-10-04 05:07:08,218
2025-09-25 04:32:08,2025-10-04 04:32:08,675
2025-11-30 01:23:08,2025-12-01 01:23:08,111
2025-12-03 01:11:08,2025-12-21 01:11:08,623
2025-12-10 21:49:08,2025-12-24 21:49:08,101
2025-09-06 16:05:08,2025-09-08 16:05:08,579
2025-09-01 17:11:08,2025-09-29 17:11:08,928
2025-06-15 18:09:08,2025-07-13 18:09:08,446
2025-06-30 03:35:08,2025-07-22 03:35:08,23
2025-07-30 09:33:08,2025-08-17 09:33:08,979
2025-08-15 10:39:08,2025-08-27 10:39:08,13
2025-10-20 18:28:08,2025-10-23 18:28:08,75
2025-10-10 16:39:08,2025-10-17 16:39:08,853
2025-09-20 17:44:08,2025-10-04 17:44:08,23
2025-07-31 03:40:08,2025-08-25 03:40:08,744
2025-07-12 06:47:08,2025-07-16 06:47:08,237
2025-08-12 01:56:08,2025-09-04 01:56:08,675
2025-10-20 18:35:08,2025-11-04 18:35:08,316
2025-08-16 00:07:08,2025-08-26 00:07:08,421
2025-11-25 17:53:08,2025-11-30 17:53:08,712
2025-08-10 04:27:08,2025-08-28 04:27:08,837
2025-09-19 13:19:08,2025-10-19 13:19:08,839
2025-07-09 01:21:08,2025-07-31 01:21:08,864
2025-12-10 11:43:08,2026-01-04 11:43:08,979
2025-10-11 01:59:08,2025-11-01 01:59:08,372
2025-08-15 21:03:08,2025-09-13 21:03:08,734
2025-10-12 09:10:08,2025-10-17 09:10:08,111
2025-07-04 23:45:08,2025-07-27 23:45:08,356
2025-12-18 10:52:08,2025-12-27 10:52:08,406
2025-07-17 05:26:08,2025-08-13 05:26:08,822
2025-10-28 15:40:08,2025-11-04 15:40:08,135
2025-08-02 21:29:08,2025-08-24 21:29:08,506
2025-11-26 01:48:08,2025-12-20 01:48:08,73
2025-08-25 23:55:08,2025-08-30 23:55:08,565
2025-08-17 21:24:08,2025-08-29 21:24:08,571
2025-07-26 05:44:08,2025-08-22 05:44:08,732
2025-11-28 11:42:08,2025-12-26 11:42:08,599
2025-11-21 05:18:08,2025-11-22 05:18:08,174
2025-11-17 22:09:08,2025-11-30 22:09:08,23
2025-08-05 19:15:08,2025-08-09 19:15:08,349
2025-07-23 03:04:08,2025-08-11 03:04:08,735
2025-08-27 05:02:08,2025-09-01 05:02:08,951
2025-07-13 08:33:08,2025-08-06 08:33:08,653
2025-11-27 01:23:08,2025-11-29 01:23:08,921
2025-11-11 10:52:08,2025-12-10 10:52:08,303
2025-10-08 10:22:08,2025-10-12 10:22:08,693
2025-08-10 17:53:08,2025-08-13 17:53:08,465
2025-09-29 13:49:08,2025-10-06 13:49:08,514
2025-08-18 04:55:08,2025-09-13 04:55:08,972
2025-11-19 03:05:08,2025-12-11 03:05:08,199
2025-08-11 03:52:08,2025-08-19 03:52:08,50
2025-10-01 10:54:08,2025-10-05 10:54:08,164
2025-08-29 22:23:08,2025-09-14 22:23:08,380
2025-07-21 22:29:08,2025-07-27 22:29:08,575
2025-07-11 20:49:08,2025-08-01 20:49:08,455
2025-12-06 12:38:08,2026-01-02 12:38:08,558
2025-12-11 01:54:08,2025-12-31 01:54:08,157
2025-11-10 19:01:08,2025-11-18 19:01:08,525
2025-09-05 17:28:08,2025-09-15 17:28:08,36
2025-08-28 00:08:08,2025-09-13 00:08:08,626
2025-10-05 14:24:08,2025-10-31 14:24:08,655
2025-10-07 01:45:08,2025-10-13 01:45:08,97
2025-07-08 16:13:08,2025-07-29 16:13:08,95
2025-11-11 22:12:08,2025-11-22 22:12:08,167
2025-09-26 08:33:08,2025-09-30 08:33:08,245
2025-10-11 07:08:08,2025-10-28 07:08:08,377
2025-09-17 01:26:08,2025-10-02 01:26:08,367
2025-12-03 05:49:08,2025-12-29 05:49:08,751
2025-09-10 05:35:08,2025-09-17 05:35:08,479
2025-10-26 22:37:08,2025-11-13 22:37:08,634
2025-12-20 06:22:08,2025-12-21 06:22:08,552
2025-09-20 10:02:08,2025-10-13 10:02:08,680
2025-11-09 17:09:08,2025-12-05 17:09:08,324
2025-09-24 21:55:08,2025-10-18 21:55:08,17
2025-12-13 01:42:08,2025-12-30 01:42:08,594
2025-11-27 18:18:08,2025-12-11 18:18:08,959
2025-07-24 15:03:08,2025-07-31 15:03:08,295
2025-08-04 05:40:08,2025-08-07 05:40:08,583
2025-12-18 02:33:08,2025-12-21 02:33:08,424
2025-10-01 05:48:08,2025-10-03 05:48:08,365
2025-09-09 12:42:08,2025-09-14 12:42:08,972
2025-10-15 09:58:08,2025-10-18 09:58:08,455
2025-08-08 22:05:08,2025-09-03 22:05:08,29
2025-08-08 03:34:08,2025-08-24 03:34:08,636
2025-10-31 12:01:08,2025-11-20 12:01:08,150
2025-07-27 10:00:08,2025-08-08 10:00:08,362
2025-07-12 06:42:08,2025-07-18 06:42:08,26
2025-11-04 11:49:08,2025-11-05 11:49:08,923
2025-07-13 04:52:08,2025-07-27 04:52:08,616
2025-10-29 07:38:08,2025-10-30 07:38:08,918
2025-07-05 19:35:08,2025-07-16 19:35:08,66
2025-06-19 16:09:08,2025-07-19 16:09:08,168
2025-08-23 23:42:08,2025-09-16 23:42:08,3
2025-06-24 13:30:08,2025-07-14 13:30:08,771
2025-08-22 21:05:08,2025-09-11 21:05:08,292
2025-09-16 18:55:08,2025-10-15 18:55:08,32
2025-10-20 23:45:08,2025-10-29 23:45:08,509
2025-11-30 16:59:08,2025-12-08 16:59:08,689
2025-11-07 06:15:08,2025-11-15 06:15:08,140
2025-08-29 17:52:08,2025-09-03 17:52:08,563
2025-07-14 04:11:08,2025-08-09 04:11:08,130
2025-10-10 22:00:08,2025-11-07 22:00:08,972
2025-11-08 10:26:08,2025-11-28 10:26:08,996
2025-11-17 10:42:08,2025-11-22 10:42:08,128
2025-10-22 13:20:08,2025-11-08 13:20:08,514
2025-06-29 17:20:08,2025-07-16 17:20:08,830
2025-09-09 13:12:08,2025-09-22 13:12:08,151
2025-11-20 10:34:08,2025-12-13 10:34:08,515
2025-12-11 19:19:08,2025-12-31 19:19:08,637
2025-07-02 11:32:08,2025-07-11 11:32:08,43
2025-08-28 18:29:08,2025-09-15 18:29:08,99
2025-09-29 23:21:08,2025-10-08 23:21:08,275
2025-12-06 18:20:08,2025-12-20 18:20:08,142
2025-09-18 23:18:08,2025-10-16 23:18:08,646
2025-08-23 17:12:08,2025-08-24 17:12:08,156
2025-09-04 04:45:08,2025-09-24 04:45:08,334
2025-07-26 05:34:08,2025-08-17 05:34:08,780
2025-08-01 20:57:08,2025-08-27 20:57:08,509
2026-01-01 10:34:08,2026-01-03 10:34:08,970
2025-09-30 23:44:08,2025-10-06 23:44:08,50
2025-11-08 21:49:08,2025-11-11 21:49:08,93
2025-11-20 06:43:08,2025-12-03 06:43:08,579
2025-07-05 03:03:08,2025-07-29 03:03:08,659
2025-11-04 23:17:08,2025-11-17 23:17:08,311
2025-07-22 10:36:08,2025-08-21 10:36:08,849
2025-09-19 13:37:08,2025-09-25 13:37:08,307
2025-10-18 13:20:08,2025-10-23 13:20:08,472
2025-10-21 13:24:08,2025-11-14 13:24:08,180
2025-08-06 06:09:08,2025-08-15 06:09:08,581
2025-08-16 14:00:08,2025-08-18 14:00:08,681
2025-11-03 14:53:08,2025-11-08 14:53:08,386
2025-08-20 00:56:08,2025-09-13 00:56:08,301
2025-09-07 16:25:08,2025-09-18 16:25:08,559
2025-08-04 11:08:08,2025-09-03 11:08:08,2
2025-10-08 03:30:08,2025-10-30 03:30:08,549
2025-06-24 08:36:08,2025-07-13 08:36:08,28
2025-10-28 20:48:08,2025-11-02 20:48:08,662
2025-08-03 18:01:08,2025-08-20 18:01:08,439
2025-07-26 01:49:08,2025-07-29 01:49:08,63
2025-07-16 07:41:08,2025-07-25 07:41:08,431
2025-08-06 21:26:08,2025-08-14 21:26:08,541
2025-11-24 21:46:08,2025-11-28 21:46:08,322
2025-09-03 23:24:08,2025-09-14 23:24:08,996
2025-10-30 23:20:08,2025-11-02 23:20:08,967
2025-11-13 00:09:08,2025-11-27 00:09:08,1000
2025-07-31 23:24:08,2025-08-13 23:24:08,250
2025-11-28 13:31:08,2025-12-20 13:31:08,486
2025-11-01 21:04:08,2025-11-04 21:04:08,544
2025-12-11 13:28:08,2025-12-14 13:28:08,660
2025-07-27 07:01:08,2025-08-21 07:01:08,296
2025-08-12 18:50:08,2025-08-30 18:50:08,273
2025-08-26 09:16:08,2025-09-24 09:16:08,892
2025-07-19 10:02:08,2025-08-16 10:02:08,89
2025-08-25 06:02:08,2025-09-05 06:02:08,369
2025-09-15 16:44:08,2025-09-18 16:44:08,85
2025-10-25 13:28:08,2025-11-01 13:28:08,938
2025-11-27 07:38:08,2025-12-08 07:38:08,27
2025-12-21 07:45:08,2025-12-23 07:45:08,343
2025-12-06 00:43:08,2025-12-30 00:43:08,379
2025-08-04 07:26:08,2025-08-08 07:26:08,875
2025-07-29 13:50:08,2025-08-07 13:50:08,74
2025-10-23 20:03:08,2025-11-12 20:03:08,232
2025-08-11 04:20:08,2025-09-04 04:20:08,69
2025-10-02 15:10:08,2025-10-03 15:10:08,900
2025-11-23 10:22:08,2025-12-19 10:22:08,826
2025-10-21 00:31:08,2025-11-12 00:31:08,790
2025-09-13 03:47:08,2025-09-19 03:47:08,246
2025-08-14 02:40:08,2025-09-03 02:40:08,807
2025-08-25 18:28:08,2025-09-23 18:28:08,340
2025-12-16 01:39:08,2025-12-20 01:39:08,966
2025-09-17 21:38:08,2025-10-13 21:38:08,824
2025-08-07 21:55:08,2025-09-05 21:55:08,706
2025-10-18 01:02:08,2025-11-15 01:02:08,820
2025-07-25 21:42:08,2025-08-13 21:42:08,81
2025-08-09 00:50:08,2025-08-13 00:50:08,343
2025-12-05 10:53:08,2025-12-13 10:53:08,326
2025-12-03 14:22:08,2025-12-16 14:22:08,490
2025-11-11 19:58:08,2025-11-28 19:58:08,254
2025-06-27 02:31:08,2025-07-19 02:31:08,956
2025-11-07 14:07:08,2025-11-15 14:07:08,588
2025-09-22 20:25:08,2025-09-28 20:25:08,551
2025-08-30 13:33:08,2025-09-12 13:33:08,575
2025-10-19 03:28:08,2025-10-25 03:28:08,950
2025-10-13 16:47:08,2025-10-19 16:47:08,519
2025-11-06 02:58:08,2025-11-19 02:58:08,890
2025-07-02 14:18:08,2025-07-23 14:18:08,574
2025-10-29 05:51:08,2025-11-17 05:51:08,494
2025-10-27 05:58:08,2025-11-12 05:58:08,525
2025-12-02 14:12:08,2025-12-04 14:12:08,752
2025-08-16 16:12:08,2025-08-20 16:12:08,245
2025-09-23 10:38:08,2025-10-05 10:38:08,583
2025-07-06 11:27:08,2025-08-05 11:27:08,458
2025-11-18 20:23:08,2025-11-21 20:23:08,563
2025-11-03 20:29:08,2025-11-18 20:29:08,41
2025-08-05 06:44:08,2025-08-06 06:44:08,996
2025-06-13 18:30:08,2025-07-09 18:30:08,993
2025-07-21 12:21:08,2025-07-23 12:21:08,34
2025-11-10 08:35:08,2025-12-04 08:35:08,488
2025-07-22 06:41:08,2025-08-16 06:41:08,94
2025-09-02 10:09:08,2025-09-07 10:09:08,386
2025-08-18 08:48:08,2025-09-06 08:48:08,162
2025-07-05 16:16:08,2025-07-14 16:16:08,966
2025-12-16 14:08:08,2025-12-28 14:08:08,5
2025-07-01 21:25:08,2025-07-18 21:25:08,351
2025-08-04 13:29:08,2025-08-29 13:29:08,174
2025-07-22 05:30:08,2025-08-12 05:30:08,860
2025-06-28 00:21:08,2025-07-20 00:21:08,678
2025-07-09 18:45:08,2025-08-03 18:45:08,125
2025-10-27 23:10:08,2025-10-31 23:10:08,964
2025-11-10 09:12:08,2025-11-18 09:12:08,328
2025-08-07 04:26:08,2025-09-04 04:26:08,324
2025-12-20 04:06:08,2025-12-26 04:06:08,339
2025-12-07 07:19:08,2025-12-26 07:19:08,213
2025-09-10 14:04:08,2025-09-21 14:04:08,813
2025-08-17 08:53:08,2025-09-04 08:53:08,949
2025-12-11 01:43:08,2025-12-16 01:43:08,432
2025-12-03 20:48:08,2025-12-30 20:48:08,317
2025-11-05 00:27:08,2025-11-19 00:27:08,154
2025-11-08 05:23:08,2025-11-13 05:23:08,27
2025-08-16 11:22:08,2025-08-19 11:22:08,638
2025-09-03 07:57:08,2025-09-13 07:57:08,148
2025-08-24 06:12:08,2025-09-14 06:12:08,50
2025-11-20 20:34:08,2025-12-05 20:34:08,724
2025-09-18 10:00:08,2025-10-01 10:00:08,158
2025-09-21 03:38:08,2025-10-06 03:38:08,12
2025-11-24 12:06:08,2025-11-28 12:06:08,159
2025-07-22 19:48:08,2025-07-24 19:48:08,487
2025-11-30 20:26:08,2025-12-28 20:26:08,485
2025-07-15 01:41:08,2025-08-08 01:41:08,421
2025-06-12 03:44:08,2025-07-10 03:44:08,416
2025-11-10 20:57:08,2025-12-02 20:57:08,591
2025-07-12 04:20:08,2025-07-29 04:20:08,853
2025-08-02 23:32:08,2025-08-26 23:32:08,493
2025-12-17 04:24:08,2025-12-21 04:24:08,557
2025-08-31 15:28:08,2025-09-25 15:28:08,802
2025-07-14 12:06:08,2025-08-02 12:06:08,321
2025-07-19 05:12:08,2025-08-09 05:12:08,695
2025-07-29 19:57:08,2025-08-19 19:57:08,895
2025-07-14 04:38:08,2025-07-18 04:38:08,285
2025-09-02 08:44:08,2025-09-06 08:44:08,896
2025-09-19 17:14:08,2025-09-23 17:14:08,300
2025-10-09 18:16:08,2025-10-10 18:16:08,604
2025-10-22 10:30:08,2025-11-12 10:30:08,376
2025-12-10 04:46:08,2025-12-15 04:46:08,880
2025-08-04 04:12:08,2025-08-07 04:12:08,653
2025-12-08 10:22:08,2025-12-26 10:22:08,834
2025-10-30 11:40:08,2025-11-08 11:40:08,78
2025-11-20 09:19:08,2025-11-27 09:19:08,768
2025-07-07 05:05:08,2025-07-25 05:05:08,421
2025-06-27 13:31:08,2025-07-23 13:31:08,817
2025-07-04 08:44:08,2025-07-15 08:44:08,539
2025-11-23 18:11:08,2025-12-22 18:11:08,681
2025-07-17 12:14:08,2025-08-05 12:14:08,488
2025-09-10 08:57:08,2025-09-29 08:57:08,458
2025-11-11 02:53:08,2025-12-05 02:53:08,800
2025-09-06 11:54:08,2025-09-21 11:54:08,830
2025-11-02 13:16:08,2025-11-07 13:16:08,719
2025-08-31 15:32:08,2025-09-09 15:32:08,936
2025-12-01 11:37:08,2025-12-30 11:37:08,857
2025-10-31 22:29:08,2025-11-17 22:29:08,116
2025-09-05 00:42:08,2025-09-26 00:42:08,186
2025-10-18 05:22:08,2025-11-09 05:22:08,126
2025-11-19 00:15:08,2025-12-19 00:15:08,210
2025-07-22 10:36:08,2025-07-28 10:36:08,409
2025-08-30 08:21:08,2025-09-18 08:21:08,892
2025-11-08 02:37:08,2025-12-03 02:37:08,440
2025-11-15 19:34:08,2025-12-03 19:34:08,238
2025-10-25 23:03:08,2025-11-06 23:03:08,606
2025-10-25 21:58:08,2025-10-28 21:58:08,856
2025-11-17 16:37:08,2025-12-10 16:37:08,141
2025-12-16 11:08:08,2026-01-04 11:08:08,56
2025-08-26 21:03:08,2025-09-15 21:03:08,525
2025-10-03 05:47:08,2025-10-22 05:47:08,784
2025-09-09 08:56:08,2025-09-10 08:56:08,712
2025-08-12 01:33:08,2025-09-02 01:33:08,650
2025-08-16 16:23:08,2025-08-30 16:23:08,394
2025-10-03 01:51:08,2025-10-25 01:51:08,366
2025-09-14 07:53:08,2025-09-15 07:53:08,407
2025-09-04 01:21:08,2025-09-07 01:21:08,984
2025-09-17 20:41:08,2025-09-21 20:41:08,610
2025-10-12 09:12:08,2025-10-13 09:12:08,527
2025-10-24 16:30:08,2025-10-26 16:30:08,699
2025-08-22 23:49:08,2025-08-29 23:49:08,208
2025-10-30 10:20:08,2025-11-09 10:20:08,586
2025-09-16 20:46:08,2025-10-01 20:46:08,476
2025-11-08 02:33:08,2025-11-21 02:33:08,826
2025-10-24 11:44:08,2025-10-26 11:44:08,171
2025-12-14 21:31:08,2025-12-24 21:31:08,524
2025-11-15 16:35:08,2025-12-01 16:35:08,718
2025-11-06 13:53:08,2025-12-05 13:53:08,901
2025-08-21 01:14:08,2025-09-19 01:14:08,421
2025-08-11 15:16:08,2025-08-14 15:16:08,771
2025-08-26 19:41:08,2025-09-24 19:41:08,665
2025-08-15 10:21:08,2025-09-07 10:21:08,334
2025-09-28 10:30:08,2025-09-30 10:30:08,903
2025-08-07 08:11:08,2025-08-10 08:11:08,165
2025-11-29 05:10:08,2025-12-07 05:10:08,85
2025-09-02 17:17:08,2025-09-18 17:17:08,470
2025-11-02 00:21:08,2025-11-10 00:21:08,931
2025-09-20 18:58:08,2025-10-01 18:58:08,119
2025-09-07 18:39:08,2025-09-12 18:39:08,740
2025-07-22 11:38:08,2025-08-03 11:38:08,558
2025-11-23 14:54:08,2025-12-08 14:54:08,375
2025-12-02 11:34:08,2025-12-26 11:34:08,593
2025-08-03 03:22:08,2025-08-17 03:22:08,292
2025-07-14 02:52:08,2025-07-22 02:52:08,799
2025-06-21 02:29:08,2025-07-16 02:29:08,168
2025-10-18 12:39:08,2025-11-10 12:39:08,914
2025-12-12 04:38:08,2026-01-05 04:38:08,804
2025-07-11 08:44:08,2025-07-19 08:44:08,186
2025-09-03 02:23:08,2025-09-06 02:23:08,512
2025-09-23 07:50:08,2025-10-21 07:50:08,925
2025-06-25 23:06:08,2025-07-25 23:06:08,363
2025-07-17 21:57:08,2025-08-16 21:57:08,184
2025-12-12 19:44:08,2025-12-21 19:44:08,237
2025-09-03 13:28:08,2025-09-16 13:28:08,791
2025-10-15 17:33:08,2025-10-31 17:33:08,342
2025-10-17 18:28:08,2025-10-21 18:28:08,322
2025-06-30 22:01:08,2025-07-17 22:01:08,542
2025-11-11 15:26:08,2025-11-13 15:26:08,23
2025-07-17 04:54:08,2025-08-12 04:54:08,935
2025-08-06 02:01:08,2025-08-18 02:01:08,773
2025-09-14 20:00:08,2025-09-15 20:00:08,940
2025-11-11 20:29:08,2025-11-27 20:29:08,585
2025-08-23 01:46:08,2025-09-06 01:46:08,393
2025-07-27 07:52:08,2025-07-30 07:52:08,66
2025-08-25 15:43:08,2025-09-08 15:43:08,140
2025-10-03 00:49:08,2025-10-08 00:49:08,801
2025-12-20 14:57:08,2025-12-27 14:57:08,567
2025-06-25 09:41:08,2025-07-22 09:41:08,540
2025-07-08 04:48:08,2025-07-24 04:48:08,902
2025-10-03 13:29:08,2025-10-11 13:29:08,125
2025-11-28 22:08:08,2025-12-05 22:08:08,470
2025-08-26 13:22:08,2025-09-05 13:22:08,945
2025-12-14 12:35:08,2026-01-02 12:35:08,580
2025-07-26 10:58:08,2025-08-18 10:58:08,110
2025-09-25 19:07:08,2025-10-20 19:07:08,324
2025-09-10 21:07:08,2025-10-02 21:07:08,857
2025-06-28 08:13:08,2025-07-10 08:13:08,33
2025-09-26 01:43:08,2025-10-26 01:43:08,93
2025-11-15 03:14:08,2025-11-23 03:14:08,388
2025-10-17 16:37:08,2025-11-09 16:37:08,753
2025-10-05 18:11:08,2025-11-02 18:11:08,966
2025-09-09 15:54:08,2025-09-20 15:54:08,24
2025-06-15 08:51:08,2025-07-09 08:51:08,455
2025-10-04 06:48:08,2025-10-12 06:48:08,482
2025-08-28 12:20:08,2025-09-17 12:20:08,367
2025-07-20 18:13:08,2025-08-07 18:13:08,876
2025-10-27 20:38:08,2025-11-10 20:38:08,579
2025-09-19 23:46:08,2025-09-22 23:46:08,570
2025-08-13 12:41:08,2025-09-11 12:41:08,232
2025-11-24 13:45:08,2025-12-23 13:45:08,148
2025-11-13 23:36:08,2025-11-28 23:36:08,798
2025-12-21 01:48:08,2026-01-02 01:48:08,418
2025-09-24 14:15:08,2025-10-21 14:15:08,232
2025-09-01 15:53:08,2025-09-07 15:53:08,620
2025-11-02 15:27:08,2025-11-20 15:27:08,792
2025-09-22 08:51:08,2025-10-12 08:51:08,737
2025-08-26 03:12:08,2025-09-21 03:12:08,84
2025-12-15 14:45:08,2025-12-23 14:45:08,52
2025-09-08 00:39:08,2025-09-23 00:39:08,777
2025-08-12 06:27:08,2025-08-26 06:27:08,199
2025-09-29 10:57:08,2025-10-07 10:57:08,454
2025-11-11 19:58:08,2025-12-02 19:58:08,616
2025-10-13 21:32:08,2025-10-27 21:32:08,963
2025-06-30 08:56:08,2025-07-14 08:56:08,200
2025-09-02 03:52:08,2025-09-14 03:52:08,704
2025-11-30 06:24:08,2025-12-13 06:24:08,760
2025-10-17 03:58:08,2025-10-24 03:58:08,558
2025-11-19 05:15:08,2025-12-07 05:15:08,703
2025-11-20 01:23:08,2025-12-19 01:23:08,86
2025-10-05 05:16:08,2025-10-22 05:16:08,651
2025-10-10 01:05:08,2025-10-11 01:05:08,436
2025-08-15 17:04:08,2025-09-09 17:04:08,976
2025-09-27 03:36:08,2025-10-20 03:36:08,816
2025-11-02 08:51:08,2025-11-29 08:51:08,210
2025-11-07 00:15:08,2025-11-21 00:15:08,296
2025-12-21 13:38:08,2026-01-01 13:38:08,154
2025-11-02 12:58:08,2025-11-07 12:58:08,2
2025-07-07 16:56:08,2025-07-16 16:56:08,523
2025-07-16 14:23:08,2025-07-28 14:23:08,742
2025-08-08 18:30:08,2025-09-03 18:30:08,19
2025-07-27 18:37:08,2025-08-13 18:37:08,410
2025-08-13 00:22:08,2025-09-01 00:22:08,308
2025-11-17 14:56:08,2025-11-30 14:56:08,580
2025-11-07 02:49:08,2025-11-15 02:49:08,910
2025-11-25 16:15:08,2025-12-03 16:15:08,188
2025-09-29 06:41:08,2025-10-08 06:41:08,323
2025-09-23 14:46:08,2025-10-12 14:46:08,329
2025-10-25 04:41:08,2025-11-07 04:41:08,894
2025-11-04 20:59:08,2025-11-09 20:59:08,824
2025-11-13 08:32:08,2025-11-22 08:32:08,998
2025-09-11 22:51:08,2025-09-23 22:51:08,790
2025-10-10 20:11:08,2025-10-17 20:11:08,337
2025-12-25 01:13:08,2026-01-04 01:13:08,669
2025-10-22 20:34:08,2025-11-04 20:34:08,6
2025-07-24 11:38:08,2025-08-22 11:38:08,57
2025-12-10 01:42:08,2025-12-12 01:42:08,711
2025-12-25 18:03:08,2025-12-26 18:03:08,50
2025-09-21 12:42:08,2025-10-04 12:42:08,558
2025-10-10 11:25:08,2025-10-31 11:25:08,386
2025-12-17 23:29:08,2025-12-25 23:29:08,980
2025-08-22 02:38:08,2025-09-15 02:38:08,16
2025-10-31 21:43:08,2025-11-15 21:43:08,660
2025-11-07 11:15:08,2025-11-10 11:15:08,560
2025-06-28 11:32:08,2025-07-28 11:32:08,275
2025-07-16 05:55:08,2025-07-28 05:55:08,753
2025-08-07 19:42:08,2025-08-14 19:42:08,91
2025-09-15 22:48:08,2025-09-16 22:48:08,736
2025-10-21 03:02:08,2025-11-06 03:02:08,621
2025-08-13 17:13:08,2025-08-23 17:13:08,379
2025-07-01 21:26:08,2025-07-26 21:26:08,968
2025-09-18 00:03:08,2025-10-13 00:03:08,260
2025-07-16 04:47:08,2025-08-03 04:47:08,71
2025-10-11 05:08:08,2025-10-16 05:08:08,560
2025-10-04 15:24:08,2025-10-08 15:24:08,377
2025-11-01 00:28:08,2025-11-19 00:28:08,978
2025-09-18 01:23:08,2025-10-09 01:23:08,857
2025-07-25 04:00:08,2025-08-04 04:00:08,832
2025-11-04 03:31:08,2025-11-16 03:31:08,469
2025-07-12 21:32:08,2025-08-07 21:32:08,286
2025-09-22 07:13:08,2025-09-23 07:13:08,226
2025-09-23 07:40:08,2025-10-10 07:40:08,346
2025-08-30 12:40:08,2025-09-20 12:40:08,64
2025-06-25 20:05:08,2025-07-24 20:05:08,695
2025-12-22 19:14:08,2025-12-28 19:14:08,323
2025-08-03 15:52:08,2025-08-24 15:52:08,331
2025-12-22 21:19:08,2026-01-03 21:19:08,382
2025-11-11 13:48:08,2025-11-24 13:48:08,434
2025-07-16 08:11:08,2025-08-15 08:11:08,241
2025-08-30 21:46:08,2025-08-31 21:46:08,758
2025-08-18 04:22:08,2025-08-23 04:22:08,175
2025-08-29 02:16:08,2025-09-12 02:16:08,367
2025-08-01 07:29:08,2025-08-27 07:29:08,770
2025-12-04 05:52:08,2025-12-07 05:52:08,493
2025-07-19 20:15:08,2025-08-03 20:15:08,418
2025-09-17 04:19:08,2025-10-03 04:19:08,394
2025-08-31 02:29:08,2025-09-21 02:29:08,962
2025-08-03 21:58:08,2025-08-10 21:58:08,293
2025-10-12 23:43:08,2025-10-28 23:43:08,861
2025-12-13 03:32:08,2026-01-01 03:32:08,549
2025-08-11 15:22:08,2025-08-13 15:22:08,267
2025-07-21 21:15:08,2025-07-26 21:15:08,962
2025-10-02 12:30:08,2025-10-07 12:30:08,536
2025-09-02 23:47:08,2025-09-20 23:47:08,932
2025-10-05 06:45:08,2025-10-27 06:45:08,691
2025-07-02 11:13:08,2025-07-27 11:13:08,14
2025-10-29 02:54:08,2025-11-05 02:54:08,930
2025-06-22 12:30:08,2025-07-09 12:30:08,321
2025-07-16 08:17:08,2025-08-11 08:17:08,98
2025-09-01 15:37:08,2025-09-24 15:37:08,617
2025-08-25 23:54:08,2025-09-07 23:54:08,659
2025-06-28 09:16:08,2025-07-28 09:16:08,321
2025-11-15 00:45:08,2025-12-13 00:45:08,231
2025-08-14 17:44:08,2025-09-02 17:44:08,312
2025-10-03 11:47:08,2025-10-15 11:47:08,773
2025-10-02 15:02:08,2025-10-16 15:02:08,479
2025-10-24 10:02:08,2025-11-13 10:02:08,369
2025-09-09 03:10:08,2025-10-09 03:10:08,439
2025-08-18 23:51:08,2025-09-07 23:51:08,751
2025-11-03 12:08:08,2025-12-02 12:08:08,670
2025-08-28 00:31:08,2025-09-03 00:31:08,631
2025-10-26 02:14:08,2025-10-28 02:14:08,994
2025-12-06 01:53:08,2025-12-07 01:53:08,994
2025-08-31 17:22:08,2025-09-28 17:22:08,969
2025-07-21 11:54:08,2025-08-03 11:54:08,513
2025-10-30 03:13:08,2025-11-04 03:13:08,600
2025-11-13 17:40:08,2025-11-19 17:40:08,642
2025-07-19 21:25:08,2025-08-15 21:25:08,375
2025-10-22 18:07:08,2025-10-26 18:07:08,828
2025-12-17 20:45:08,2025-12-24 20:45:08,889
2025-11-25 22:43:08,2025-12-10 22:43:08,262
2025-12-07 13:19:08,2025-12-17 13:19:08,322
2025-07-02 02:14:08,2025-07-30 02:14:08,77
2025-10-01 11:33:08,2025-10-05 11:33:08,413
2025-06-21 23:12:08,2025-07-16 23:12:08,847
2025-09-03 07:20:08,2025-09-13 07:20:08,967
2025-11-10 10:08:08,2025-11-25 10:08:08,997
2025-10-10 23:08:08,2025-10-24 23:08:08,943
2025-11-12 15:28:08,2025-11-16 15:28:08,601
2025-09-21 16:11:08,2025-09-25 16:11:08,502
2025-11-13 15:44:08,2025-12-10 15:44:08,213
2025-06-25 01:54:08,2025-07-15 01:54:08,824
2025-08-04 08:11:08,2025-08-26 08:11:08,702
2025-07-20 18:54:08,2025-07-21 18:54:08,146
2025-08-07 16:16:08,2025-08-24 16:16:08,234
2025-11-19 03:24:08,2025-12-06 03:24:08,568
2025-10-16 02:36:08,2025-11-06 02:36:08,626
2025-07-29 20:02:08,2025-08-14 20:02:08,392
2025-07-02 00:58:08,2025-07-26 00:58:08,807
2025-09-05 21:24:08,2025-09-25 21:24:08,179
2025-08-08 20:23:08,2025-09-03 20:23:08,45
2025-08-07 11:45:08,2025-08-18 11:45:08,457
2025-07-13 13:09:08,2025-07-15 13:09:08,575
2025-08-16 16:55:08,2025-09-09 16:55:08,497
2025-06-15 02:36:08,2025-07-12 02:36:08,96
2025-10-15 15:30:08,2025-10-18 15:30:08,956
2025-07-23 17:07:08,2025-08-22 17:07:08,286
2025-11-22 20:29:08,2025-12-08 20:29:08,908
2025-09-11 15:03:08,2025-09-12 15:03:08,587
2025-10-10 20:01:08,2025-10-14 20:01:08,668
2025-12-16 07:28:08,2025-12-28 07:28:08,602
2025-07-28 11:40:08,2025-08-13 11:40:08,983
2025-06-14 13:40:08,2025-07-10 13:40:08,219
2025-06-17 20:03:08,2025-07-12 20:03:08,120
2025-06-10 09:32:08,2025-07-09 09:32:08,496
2025-12-01 01:22:08,2025-12-31 01:22:08,500
2025-09-07 13:01:08,2025-09-28 13:01:08,100
2025-08-05 21:30:08,2025-08-10 21:30:08,157
2025-11-07 15:31:08,2025-11-26 15:31:08,831
2025-07-01 18:56:08,2025-07-11 18:56:08,576
2025-11-09 10:13:08,2025-11-11 10:13:08,511
2025-07-12 09:09:08,2025-07-26 09:09:08,546
2025-10-11 12:59:08,2025-11-01 12:59:08,973
2025-07-17 08:39:08,2025-07-29 08:39:08,699
2025-10-05 22:18:08,2025-10-18 22:18:08,550
2025-11-15 12:17:08,2025-12-05 12:17:08,715
2025-12-20 09:02:08,2026-01-03 09:02:08,936
2025-12-18 14:22:08,2026-01-04 14:22:08,196
2025-12-03 20:08:08,2025-12-18 20:08:08,172
2025-09-26 15:53:08,2025-10-11 15:53:08,567
2025-11-04 23:17:08,2025-12-04 23:17:08,531
2025-08-21 18:29:08,2025-09-01 18:29:08,192
2025-08-24 07:19:08,2025-09-08 07:19:08,256
2025-07-28 04:10:08,2025-08-23 04:10:08,520
2025-11-26 07:47:08,2025-12-25 07:47:08,768
2025-08-11 23:34:08,2025-09-01 23:34:08,238
2025-07-19 06:19:08,2025-08-10 06:19:08,774
2025-09-18 16:38:08,2025-09-28 16:38:08,183
2025-12-02 02:56:08,2025-12-30 02:56:08,59
2025-10-31 05:50:08,2025-11-14 05:50:08,52
2025-08-01 00:34:08,2025-08-21 00:34:08,682
2025-11-02 06:07:08,2025-11-18 06:07:08,7
2025-07-13 02:12:08,2025-07-23 02:12:08,574
2025-08-31 17:09:08,2025-09-14 17:09:08,819
2025-12-17 21:18:08,2025-12-18 21:18:08,942
2025-11-24 08:41:08,2025-12-16 08:41:08,460
2025-07-23 10:26:08,2025-08-21 10:26:08,677
2025-11-03 04:45:08,2025-11-06 04:45:08,208
2025-08-21 08:29:08,2025-09-07 08:29:08,690
2025-07-05 09:45:08,2025-07-21 09:45:08,898
2025-12-05 12:40:08,2025-12-16 12:40:08,947
2025-11-29 10:39:08,2025-12-13 10:39:08,542
2025-07-26 17:56:08,2025-07-31 17:56:08,974
2025-09-04 15:21:08,2025-09-11 15:21:08,23
2025-12-09 12:10:08,2025-12-19 12:10:08,551
2025-08-19 20:30:08,2025-09-17 20:30:08,736
2025-12-08 18:56:08,2025-12-10 18:56:08,685
2025-11-18 19:48:08,2025-12-01 19:48:08,849
2025-07-03 17:19:08,2025-07-18 17:19:08,328
2025-07-31 06:14:08,2025-08-13 06:14:08,516
2025-08-25 18:16:08,2025-09-05 18:16:08,95
